{"stats":{"minecraft:crafted":{"biomesoplenty:fir_planks":64,"minecraft:crafting_table":1,"minecraft:wooden_pickaxe":1,"minecraft:wooden_axe":1},"minecraft:custom":{"minecraft:time_since_rest":5408,"minecraft:play_one_minute":5408,"minecraft:crouch_one_cm":211,"minecraft:sprint_one_cm":2188,"minecraft:walk_one_cm":14109,"minecraft:sneak_time":67,"minecraft:jump":30,"minecraft:leave_game":2,"minecraft:time_since_death":5408,"minecraft:interact_with_crafting_table":2,"minecraft:fall_one_cm":209,"minecraft:fly_one_cm":665},"minecraft:picked_up":{"minecraft:crafting_table":1,"minecraft:stick":6,"ars_nouveau:worn_notebook":1,"biomesoplenty:fir_sapling":2,"biomesoplenty:fir_log":16},"minecraft:mined":{"biomesoplenty:fir_leaves":13,"minecraft:crafting_table":1,"biomesoplenty:fir_log":16},"minecraft:used":{"minecraft:wooden_axe":1,"minecraft:crafting_table":1,"biomesoplenty:fir_sapling":2}},"DataVersion":2586}