{"stats":{"minecraft:picked_up":{"minecraft:gunpowder":2,"vampirism:fire_place":1,"ars_nouveau:worn_notebook":1,"minecraft:dirt":16},"minecraft:custom":{"minecraft:jump":73,"minecraft:time_since_rest":5763,"minecraft:damage_dealt":99,"minecraft:play_one_minute":10504,"minecraft:walk_one_cm":18865,"minecraft:leave_game":2,"minecraft:sprint_one_cm":13683,"minecraft:damage_taken":830,"minecraft:time_since_death":5737,"minecraft:deaths":2,"minecraft:sneak_time":26,"minecraft:fly_one_cm":18579,"minecraft:fall_one_cm":836},"minecraft:used":{"vampirism:fire_place":1},"minecraft:mined":{"vampirism:fire_place":1,"minecraft:fern":1},"minecraft:killed_by":{"minecraft:skeleton":1,"minecraft:creeper":1}},"DataVersion":2586}